prompt,emotion
"sintió que su corazón se aceleraba al verla.",amor
"experimentó una conexión profunda e instantánea.",amor
"se dio cuenta de que no podía imaginar su vida sin ella.",amor
"sintió un calor reconfortante en su pecho cuando sus miradas se cruzaron.",amor
"notó que sus manos temblaban ligeramente al tomarla de la mano.",amor
"sintió que el tiempo se detenía cuando estaban juntos.",amor
"experimentó una sensación de plenitud al abrazarla.",amor
"se dio cuenta de que sus ojos brillaban de una manera especial al mirarla.",amor
"notó que su corazón latía al ritmo de su nombre.",amor
"sintió que había encontrado su lugar en el mundo junto a ella.",amor
"no pudo contener la sonrisa que se dibujó en su rostro.",alegria
"sintió que podía conquistar el mundo en ese momento.",alegria
"experimentó una oleada de energía positiva que lo invadió por completo.",alegria
"se dio cuenta de que hacía mucho tiempo que no se sentía tan feliz.",alegria
"notó que su risa era contagiosa y todos a su alrededor sonreían también.",alegria
"sintió que flotaba de felicidad.",alegria
"experimentó una sensación de ligereza en todo su cuerpo.",alegria
"se dio cuenta de que no podía dejar de sonreír.",alegria
"notó que su corazón se llenaba de una calidez indescriptible.",alegria
"sintió que la alegría brotaba desde lo más profundo de su ser.",alegria
"sintió que la sangre le hervía en las venas.",enojo
"apretó los puños con fuerza, conteniendo su ira.",enojo
"notó que su voz temblaba de rabia al hablar.",enojo
"experimentó un impulso incontrolable de golpear algo.",enojo
"se dio cuenta de que estaba perdiendo el control de sus emociones.",enojo
"sintió que una ola de furia lo consumía por dentro.",enojo
"notó que su respiración se aceleraba por la ira.",enojo
"experimentó un deseo intenso de gritar su frustración.",enojo
"se dio cuenta de que su cuerpo se tensaba por la rabia.",enojo
"sintió que cada palabra pronunciada estaba cargada de resentimiento.",enojo
"sintió que se le cortaba la respiración por la impresión.",sorpresa
"se quedó boquiabierto, incapaz de articular palabra.",sorpresa
"experimentó un escalofrío que le recorrió todo el cuerpo.",sorpresa
"notó que sus ojos se abrían como platos ante la revelación.",sorpresa
"se dio cuenta de que nada lo había preparado para ese momento.",sorpresa
"sintió que su mente se quedaba en blanco por la sorpresa.",sorpresa
"experimentó una sacudida de asombro que lo dejó inmóvil.",sorpresa
"notó que su corazón daba un vuelco por lo inesperado.",sorpresa
"se dio cuenta de que la realidad superaba cualquier expectativa.",sorpresa
"sintió que el mundo a su alrededor se detenía por un instante.",sorpresa
"sintió un nudo en la garganta que le impedía hablar.",tristeza
"notó que las lágrimas comenzaban a nublar su visión.",tristeza
"experimentó un vacío en el pecho que parecía consumirlo.",tristeza
"se dio cuenta de que el mundo a su alrededor había perdido su color.",tristeza
"sintió que el peso de la tristeza lo aplastaba por completo.",tristeza
"notó que cada respiración se volvía más pesada y dolorosa.",tristeza
"experimentó una profunda sensación de soledad y abandono.",tristeza
"se dio cuenta de que la alegría parecía un recuerdo lejano e inalcanzable.",tristeza
"sintió que su corazón se encogía con cada pensamiento triste.",tristeza
"notó que el tiempo parecía arrastrarse lentamente en su dolor.",tristeza
"No puedo creer que haya olvidado nuestro aniversario, me siento terrible.",tristeza
"Este café está delicioso, es justo lo que necesitaba para empezar el día.",alegria
"¡No puedo creer que me hayan ascendido! Estoy que no quepo en mí de gozo.",alegria
"Odio cuando la gente es irrespetuosa en el transporte público.",enojo
"¡Guau! No esperaba ganar el sorteo de la oficina.",sorpresa
"Ver a mi ex con alguien más me hizo darme cuenta de que aún tengo sentimientos.",amor
"Estoy harto de que mi jefe siempre me dé todo el trabajo a última hora.",enojo
"Me encanta cómo huele mi casa después de hornear galletas.",alegria
"No puedo creer que hayan cancelado mi serie favorita, estoy devastado.",tristeza
"¡Qué sorpresa tan agradable encontrarte aquí después de tantos años!",sorpresa
"Me duele el corazón cada vez que veo las noticias últimamente.",tristeza
"No puedo dejar de sonreír cuando pienso en nuestra cita de anoche.",amor
"¡Este tráfico me está volviendo loco! Voy a llegar tarde otra vez.",enojo
"Nunca imaginé que aprender a cocinar pudiera ser tan divertido y satisfactorio.",alegria
"Me quedé sin palabras cuando vi el paisaje desde la cima de la montaña.",sorpresa
"No puedo creer que mi mejor amigo se mude al extranjero, voy a extrañarlo mucho.",tristeza
"¡Por fin terminé mi proyecto! Me siento tan realizado y orgulloso.",alegria
"Me hierve la sangre cada vez que veo cómo maltratan a los animales.",enojo
"Wow, ¡qué giro inesperado en la trama de esta película!",sorpresa
"Cada vez que escucho nuestra canción, siento mariposas en el estómago.",amor
"Estoy tan decepcionado con los resultados de las elecciones, es desalentador.",tristeza
"¡Este es el mejor regalo de cumpleaños que he recibido en años!",alegria
"No soporto cuando la gente hace ruido mientras como, me pone de los nervios.",enojo
"Jamás pensé que podría correr un maratón, ¡estoy impresionado conmigo mismo!",sorpresa
"Verla caminar hacia el altar fue el momento más hermoso de mi vida.",amor
"Me siento tan solo desde que mi mascota falleció, la casa está tan vacía.",tristeza
"¡Acabo de ganar dos entradas para el concierto de mi banda favorita!",alegria
"No puedo creer que hayan estropeado mi pedido otra vez, esto es inaceptable.",enojo
"¡Mira ese arcoíris doble! Nunca había visto algo así.",sorpresa
"Cada mensaje suyo me hace sonreír como un tonto enamorado.",amor